Transaction_ID,Customer_ID,Store_ID,Product_Category,Transaction_Date,Amount,Promotion_Applied
TXN00001,CUST0157,STORE015,Footwear,2023-06-27,372.57,Yes
TXN00002,CUST0187,STORE038,Accessories,2023-07-28,216.02,Yes
TXN00003,CUST0175,STORE038,Apparel,2025-08-24,433.22,Yes
TXN00004,CUST0214,STORE008,Apparel,2025-08-06,142.29,Yes
TXN00005,CUST0047,STORE048,Footwear,2022-10-28,181.87,Yes
TXN00006,CUST0048,STORE010,Apparel,2022-11-04,89.68,No
TXN00007,CUST0099,STORE048,Accessories,2023-01-11,63.7,No
TXN00008,CUST0026,STORE004,Footwear,2024-06-23,246.53,No
TXN00009,CUST0089,STORE006,Footwear,2023-08-18,167.57,Yes
TXN00010,CUST0071,STORE033,Accessories,2023-01-13,28.76,No
TXN00011,CUST0239,STORE034,Footwear,2024-11-10,186.47,Yes
TXN00012,CUST0184,STORE018,Apparel,2023-01-16,411,Yes
TXN00013,CUST0140,STORE033,Accessories,2023-06-20,189.68,Yes
TXN00014,CUST0162,STORE012,Apparel,2025-04-03,87.92,Yes
TXN00015,CUST0152,STORE019,Accessories,2024-01-22,80.96,No
TXN00016,CUST0074,STORE030,Accessories,2023-11-22,386.82,No
TXN00017,CUST0237,STORE046,Footwear,2025-07-01,122.56,No
TXN00018,CUST0120,STORE007,Apparel,2022-09-25,295.55,Yes
TXN00019,CUST0187,STORE002,Footwear,2023-10-26,172.81,Yes
TXN00020,CUST0277,STORE042,Footwear,2022-11-02,60.02,No
TXN00021,CUST0059,STORE046,Accessories,2024-12-03,219.19,Yes
TXN00022,CUST0034,STORE030,Footwear,2024-06-30,496.7,Yes
TXN00023,CUST0266,STORE034,Accessories,2024-04-04,115.46,No
TXN00024,CUST0163,STORE003,Accessories,2023-08-13,381.37,Yes
TXN00025,CUST0038,STORE041,Footwear,2025-04-13,496.01,Yes
TXN00026,CUST0023,STORE049,Footwear,2025-06-19,123.9,No
TXN00027,CUST0060,STORE011,Accessories,2025-08-10,277.07,No
TXN00028,CUST0074,STORE040,Apparel,2023-11-14,351.28,Yes
TXN00029,CUST0195,STORE042,Accessories,2022-11-06,96,No
TXN00030,CUST0064,STORE032,Accessories,2023-08-26,498.46,Yes
TXN00031,CUST0163,STORE037,Apparel,2023-02-07,104.43,Yes
TXN00032,CUST0113,STORE037,Apparel,2023-03-23,440.8,Yes
TXN00033,CUST0078,STORE050,Apparel,2022-09-15,31.65,Yes
TXN00034,CUST0252,STORE030,Footwear,2024-07-15,263.96,No
TXN00035,CUST0036,STORE020,Apparel,2023-07-15,374.99,Yes
TXN00036,CUST0113,STORE015,Apparel,2024-10-30,54.98,Yes
TXN00037,CUST0059,STORE014,Accessories,2025-05-15,452.21,Yes
TXN00038,CUST0214,STORE017,Footwear,2023-04-02,175.17,Yes
TXN00039,CUST0203,STORE010,Footwear,2023-02-28,174.57,No
TXN00040,CUST0092,STORE014,Accessories,2024-04-13,341.53,No
TXN00041,CUST0128,STORE037,Apparel,2025-06-08,50.58,No
TXN00042,CUST0264,STORE041,Apparel,2023-10-03,204.06,Yes
TXN00043,CUST0159,STORE048,Apparel,2022-09-28,291.05,No
TXN00044,CUST0295,STORE033,Accessories,2025-05-20,292.64,No
TXN00045,CUST0101,STORE026,Accessories,2025-04-07,401.98,Yes
TXN00046,CUST0234,STORE001,Apparel,2024-06-09,337.86,Yes
TXN00047,CUST0224,STORE004,Accessories,2025-07-21,461.56,Yes
TXN00048,CUST0207,STORE016,Footwear,2024-07-06,393.15,Yes
TXN00049,CUST0225,STORE005,Apparel,2022-12-15,270.15,Yes
TXN00050,CUST0051,STORE049,Footwear,2024-12-04,446.37,Yes
TXN00051,CUST0155,STORE022,Accessories,2024-09-04,425.52,Yes
TXN00052,CUST0227,STORE012,Accessories,2025-04-07,326.96,Yes
TXN00053,CUST0248,STORE016,Footwear,2022-12-11,403.95,No
TXN00054,CUST0148,STORE010,Footwear,2024-01-04,172.56,No
TXN00055,CUST0025,STORE040,Apparel,2023-08-16,477.55,No
TXN00056,CUST0091,STORE008,Accessories,2024-03-21,168.08,Yes
TXN00057,CUST0282,STORE048,Apparel,2022-12-30,259.53,Yes
TXN00058,CUST0044,STORE017,Apparel,2025-03-26,159.2,No
TXN00059,CUST0116,STORE017,Footwear,2025-02-12,87.39,No
TXN00060,CUST0090,STORE010,Footwear,2024-08-05,121.6,No
TXN00061,CUST0295,STORE035,Accessories,2025-06-21,228.53,No
TXN00062,CUST0286,STORE014,Accessories,2024-09-07,190.43,Yes
TXN00063,CUST0164,STORE011,Apparel,2023-11-21,327.44,No
TXN00064,CUST0183,STORE040,Apparel,2025-07-20,230.94,Yes
TXN00065,CUST0289,STORE020,Footwear,2025-03-15,21.11,Yes
TXN00066,CUST0195,STORE007,Footwear,2025-02-08,199.66,Yes
TXN00067,CUST0040,STORE029,Accessories,2024-10-07,467.64,Yes
TXN00068,CUST0152,STORE025,Apparel,2025-06-16,192.37,No
TXN00069,CUST0053,STORE019,Apparel,2023-04-25,301.85,Yes
TXN00070,CUST0092,STORE049,Apparel,2024-05-01,280.93,Yes
TXN00071,CUST0050,STORE044,Footwear,2023-04-02,367.13,No
TXN00072,CUST0052,STORE013,Footwear,2025-04-22,102.64,Yes
TXN00073,CUST0192,STORE022,Footwear,2022-10-09,392.03,Yes
TXN00074,CUST0145,STORE030,Apparel,2022-09-14,195.21,Yes
TXN00075,CUST0267,STORE007,Accessories,2024-05-06,337.21,No
TXN00076,CUST0018,STORE022,Footwear,2025-02-11,342.57,No
TXN00077,CUST0029,STORE037,Footwear,2024-02-06,469.48,No
TXN00078,CUST0079,STORE027,Footwear,2024-12-21,26.28,Yes
TXN00079,CUST0076,STORE030,Apparel,2023-07-21,56.26,Yes
TXN00080,CUST0171,STORE011,Accessories,2024-01-20,69.13,Yes
TXN00081,CUST0102,STORE023,Accessories,2022-12-02,332.44,Yes
TXN00082,CUST0035,STORE018,Apparel,2024-07-05,248.31,No
TXN00083,CUST0150,STORE033,Apparel,2024-01-20,213.83,No
TXN00084,CUST0189,STORE049,Apparel,2025-01-22,58.25,No
TXN00085,CUST0292,STORE030,Accessories,2024-08-18,338.55,No
TXN00086,CUST0162,STORE030,Apparel,2024-03-13,151.11,Yes
TXN00087,CUST0008,STORE012,Apparel,2022-10-16,293.43,Yes
TXN00088,CUST0113,STORE032,Apparel,2023-06-07,189.46,No
TXN00089,CUST0192,STORE013,Apparel,2024-12-25,313.43,No
TXN00090,CUST0179,STORE025,Footwear,2023-10-10,335.5,No
TXN00091,CUST0207,STORE011,Apparel,2023-03-25,454.16,No
TXN00092,CUST0061,STORE048,Accessories,2022-10-03,92.85,Yes
TXN00093,CUST0019,STORE003,Footwear,2024-09-24,46.51,Yes
TXN00094,CUST0115,STORE022,Apparel,2023-01-10,447.65,Yes
TXN00095,CUST0076,STORE028,Accessories,2025-06-30,453.68,Yes
TXN00096,CUST0147,STORE026,Accessories,2025-04-11,385.73,Yes
TXN00097,CUST0074,STORE044,Accessories,2025-06-22,453.31,Yes
TXN00098,CUST0190,STORE044,Accessories,2024-08-28,309.75,No
TXN00099,CUST0056,STORE009,Footwear,2022-08-31,106.42,No
TXN00100,CUST0146,STORE030,Accessories,2023-12-30,129.29,No
TXN00101,CUST0245,STORE012,Apparel,2024-11-02,63.12,Yes
TXN00102,CUST0251,STORE045,Apparel,2024-01-28,457.6,Yes
TXN00103,CUST0267,STORE046,Accessories,2022-08-31,78.18,Yes
TXN00104,CUST0201,STORE009,Footwear,2025-01-28,133.68,Yes
TXN00105,CUST0094,STORE046,Footwear,2024-02-27,352.89,Yes
TXN00106,CUST0130,STORE044,Apparel,2024-03-19,101.73,No
TXN00107,CUST0254,STORE016,Accessories,2025-03-29,36.88,Yes
TXN00108,CUST0005,STORE028,Footwear,2023-02-03,48.79,No
TXN00109,CUST0004,STORE004,Footwear,2024-01-05,118.92,No
TXN00110,CUST0017,STORE019,Accessories,2023-07-09,314.76,No
TXN00111,CUST0172,STORE003,Footwear,2023-12-02,23.16,Yes
TXN00112,CUST0012,STORE007,Footwear,2025-03-03,425.79,Yes
TXN00113,CUST0152,STORE034,Footwear,2025-07-15,321.21,No
TXN00114,CUST0261,STORE036,Footwear,2024-09-03,317.86,No
TXN00115,CUST0200,STORE023,Footwear,2023-09-29,299.61,Yes
TXN00116,CUST0191,STORE022,Apparel,2024-04-04,291.34,Yes
TXN00117,CUST0171,STORE004,Footwear,2024-09-13,301,Yes
TXN00118,CUST0244,STORE027,Apparel,2023-10-04,137.92,No
TXN00119,CUST0270,STORE035,Apparel,2024-02-14,495.78,Yes
TXN00120,CUST0203,STORE038,Footwear,2023-01-07,143.8,No
TXN00121,CUST0079,STORE034,Apparel,2025-06-29,251.25,Yes
TXN00122,CUST0283,STORE042,Footwear,2023-10-28,376.2,No
TXN00123,CUST0198,STORE011,Footwear,2022-10-31,251.22,Yes
TXN00124,CUST0265,STORE039,Accessories,2025-02-02,417.63,Yes
TXN00125,CUST0014,STORE030,Accessories,2023-03-27,39.75,No
TXN00126,CUST0144,STORE015,Apparel,2025-04-15,207.62,Yes
TXN00127,CUST0271,STORE045,Footwear,2024-12-09,283.15,Yes
TXN00128,CUST0051,STORE026,Accessories,2023-06-17,335.89,No
TXN00129,CUST0137,STORE037,Footwear,2024-09-25,182.56,No
TXN00130,CUST0101,STORE037,Apparel,2024-08-23,48.68,No
TXN00131,CUST0235,STORE039,Accessories,2025-03-27,268.97,Yes
TXN00132,CUST0254,STORE047,Accessories,2022-10-19,487.96,No
TXN00133,CUST0232,STORE028,Accessories,2024-07-19,340.73,Yes
TXN00134,CUST0023,STORE015,Accessories,2024-07-14,33.87,Yes
TXN00135,CUST0119,STORE040,Accessories,2023-10-11,368.65,No
TXN00136,CUST0017,STORE032,Apparel,2023-01-06,110.12,Yes
TXN00137,CUST0238,STORE039,Accessories,2024-09-21,463.94,Yes
TXN00138,CUST0103,STORE024,Apparel,2023-01-15,152.7,Yes
TXN00139,CUST0293,STORE039,Apparel,2023-06-05,326.8,No
TXN00140,CUST0025,STORE017,Accessories,2022-11-27,294.36,Yes
TXN00141,CUST0287,STORE011,Apparel,2024-08-01,406.81,No
TXN00142,CUST0156,STORE013,Accessories,2022-12-08,129.62,No
TXN00143,CUST0069,STORE009,Accessories,2022-11-07,231.43,Yes
TXN00144,CUST0266,STORE007,Accessories,2025-05-11,73.39,Yes
TXN00145,CUST0135,STORE004,Accessories,2023-04-07,41.2,No
TXN00146,CUST0158,STORE008,Footwear,2024-08-04,444.73,Yes
TXN00147,CUST0238,STORE006,Apparel,2023-08-25,464.99,No
TXN00148,CUST0098,STORE031,Accessories,2025-01-23,417.85,Yes
TXN00149,CUST0031,STORE018,Footwear,2025-02-08,275.68,No
TXN00150,CUST0016,STORE011,Apparel,2024-11-15,215.79,No
TXN00151,CUST0215,STORE050,Apparel,2024-11-09,415.22,No
TXN00152,CUST0238,STORE016,Accessories,2023-04-12,207.99,Yes
TXN00153,CUST0014,STORE047,Accessories,2023-04-16,498.81,Yes
TXN00154,CUST0240,STORE012,Accessories,2024-07-28,471.75,Yes
TXN00155,CUST0295,STORE033,Apparel,2025-01-18,430.28,Yes
TXN00156,CUST0052,STORE042,Accessories,2022-12-04,206.04,Yes
TXN00157,CUST0191,STORE010,Footwear,2025-01-27,388.13,No
TXN00158,CUST0066,STORE010,Apparel,2023-06-04,331.59,No
TXN00159,CUST0091,STORE024,Footwear,2024-12-29,123.21,No
TXN00160,CUST0255,STORE039,Apparel,2023-05-02,248.18,Yes
TXN00161,CUST0228,STORE029,Accessories,2025-03-26,210.45,No
TXN00162,CUST0093,STORE003,Accessories,2024-01-01,430.76,No
TXN00163,CUST0096,STORE001,Footwear,2025-01-17,213.25,Yes
TXN00164,CUST0070,STORE026,Accessories,2022-12-23,331.26,Yes
TXN00165,CUST0244,STORE011,Accessories,2023-11-05,197.56,No
TXN00166,CUST0268,STORE023,Accessories,2023-11-08,465.89,Yes
TXN00167,CUST0276,STORE039,Accessories,2024-06-27,412.83,No
TXN00168,CUST0012,STORE002,Apparel,2025-06-23,497.76,Yes
TXN00169,CUST0155,STORE019,Footwear,2022-11-25,245.62,No
TXN00170,CUST0186,STORE005,Accessories,2023-10-16,363.4,Yes
TXN00171,CUST0193,STORE017,Accessories,2025-05-11,79.41,Yes
TXN00172,CUST0102,STORE042,Accessories,2024-12-14,33.6,Yes
TXN00173,CUST0075,STORE006,Apparel,2023-03-12,208.01,No
TXN00174,CUST0026,STORE011,Apparel,2024-03-12,244.75,No
TXN00175,CUST0271,STORE014,Apparel,2022-08-28,474.75,Yes
TXN00176,CUST0098,STORE049,Apparel,2022-09-25,300.85,Yes
TXN00177,CUST0087,STORE005,Apparel,2024-01-31,375.11,No
TXN00178,CUST0019,STORE033,Footwear,2025-05-14,221.18,Yes
TXN00179,CUST0286,STORE028,Accessories,2024-01-22,306.14,No
TXN00180,CUST0045,STORE030,Accessories,2023-04-07,230.47,No
TXN00181,CUST0228,STORE006,Apparel,2023-02-19,245.33,No
TXN00182,CUST0070,STORE019,Apparel,2025-04-15,86.19,No
TXN00183,CUST0233,STORE042,Accessories,2024-06-11,68.19,Yes
TXN00184,CUST0100,STORE018,Apparel,2025-02-16,266.78,No
TXN00185,CUST0060,STORE029,Apparel,2024-05-01,414.08,Yes
TXN00186,CUST0208,STORE034,Apparel,2025-08-20,460.24,Yes
TXN00187,CUST0229,STORE040,Footwear,2023-04-07,133.58,Yes
TXN00188,CUST0004,STORE032,Footwear,2024-01-01,403.56,Yes
TXN00189,CUST0147,STORE016,Footwear,2022-09-23,339.5,No
TXN00190,CUST0115,STORE041,Accessories,2025-05-07,90.31,No
TXN00191,CUST0040,STORE032,Apparel,2022-11-13,211.52,Yes
TXN00192,CUST0088,STORE013,Apparel,2024-01-12,452.75,Yes
TXN00193,CUST0122,STORE033,Footwear,2025-06-28,159.9,Yes
TXN00194,CUST0227,STORE032,Accessories,2022-11-24,104.08,No
TXN00195,CUST0187,STORE009,Apparel,2024-02-24,343.22,Yes
TXN00196,CUST0141,STORE028,Accessories,2025-01-27,429.78,Yes
TXN00197,CUST0100,STORE032,Footwear,2023-10-04,478.69,Yes
TXN00198,CUST0113,STORE002,Apparel,2024-05-11,291.44,Yes
TXN00199,CUST0039,STORE015,Apparel,2024-09-10,159.54,No
TXN00200,CUST0201,STORE026,Apparel,2025-03-04,185.91,No
TXN00201,CUST0010,STORE038,Apparel,2024-11-15,172.42,Yes
TXN00202,CUST0298,STORE014,Accessories,2023-02-11,238.69,No
TXN00203,CUST0152,STORE020,Apparel,2025-07-18,492.76,No
TXN00204,CUST0225,STORE026,Footwear,2022-11-18,235.76,No
TXN00205,CUST0292,STORE039,Footwear,2024-01-25,57.13,No
TXN00206,CUST0116,STORE024,Footwear,2025-07-29,25.76,No
TXN00207,CUST0093,STORE011,Footwear,2023-10-02,325.87,No
TXN00208,CUST0076,STORE036,Accessories,2024-03-28,489.55,Yes
TXN00209,CUST0147,STORE012,Footwear,2024-12-11,26.38,Yes
TXN00210,CUST0212,STORE029,Footwear,2025-05-28,400.55,Yes
TXN00211,CUST0051,STORE041,Footwear,2025-01-08,390.84,Yes
TXN00212,CUST0083,STORE028,Footwear,2023-11-03,253.59,No
TXN00213,CUST0027,STORE031,Apparel,2025-04-07,320.59,Yes
TXN00214,CUST0116,STORE007,Accessories,2023-03-19,388.88,No
TXN00215,CUST0207,STORE035,Apparel,2023-08-06,491.44,Yes
TXN00216,CUST0286,STORE008,Footwear,2023-07-22,240.07,Yes
TXN00217,CUST0133,STORE019,Apparel,2023-12-03,234.77,Yes
TXN00218,CUST0242,STORE030,Footwear,2024-03-02,409.93,No
TXN00219,CUST0209,STORE034,Accessories,2025-03-15,60.45,Yes
TXN00220,CUST0010,STORE013,Accessories,2023-07-07,200.5,Yes
TXN00221,CUST0296,STORE029,Apparel,2024-12-13,245.38,No
TXN00222,CUST0222,STORE012,Footwear,2024-06-14,50.26,Yes
TXN00223,CUST0101,STORE049,Apparel,2024-09-08,449.87,No
TXN00224,CUST0204,STORE049,Apparel,2023-10-29,428.81,No
TXN00225,CUST0273,STORE050,Footwear,2023-09-11,206.01,No
TXN00226,CUST0230,STORE010,Apparel,2023-03-31,428.31,Yes
TXN00227,CUST0147,STORE034,Footwear,2024-12-18,410.23,No
TXN00228,CUST0050,STORE022,Footwear,2022-09-07,135.24,No
TXN00229,CUST0020,STORE005,Apparel,2024-06-04,265.19,No
TXN00230,CUST0221,STORE020,Footwear,2024-06-19,161.12,No
TXN00231,CUST0030,STORE021,Apparel,2025-02-20,174.14,Yes
TXN00232,CUST0081,STORE040,Accessories,2023-12-29,287.05,Yes
TXN00233,CUST0245,STORE018,Apparel,2024-09-16,378.38,No
TXN00234,CUST0039,STORE029,Apparel,2023-01-23,229.36,Yes
TXN00235,CUST0001,STORE001,Accessories,2023-09-26,124.64,No
TXN00236,CUST0150,STORE020,Apparel,2024-12-09,317.81,Yes
TXN00237,CUST0114,STORE005,Apparel,2025-05-09,91.87,No
TXN00238,CUST0228,STORE030,Accessories,2022-09-06,131.66,Yes
TXN00239,CUST0056,STORE011,Accessories,2025-07-08,326.45,Yes
TXN00240,CUST0083,STORE032,Footwear,2023-06-10,455.75,Yes
TXN00241,CUST0027,STORE035,Apparel,2025-08-08,170.98,No
TXN00242,CUST0184,STORE006,Accessories,2025-04-15,456.02,No
TXN00243,CUST0078,STORE049,Accessories,2023-05-20,72.41,Yes
TXN00244,CUST0103,STORE050,Footwear,2023-04-28,231.73,Yes
TXN00245,CUST0097,STORE014,Footwear,2024-12-19,21.64,Yes
TXN00246,CUST0198,STORE049,Accessories,2024-10-24,207.3,No
TXN00247,CUST0004,STORE005,Apparel,2024-07-16,279.58,No
TXN00248,CUST0056,STORE025,Apparel,2022-10-25,83.32,Yes
TXN00249,CUST0294,STORE010,Footwear,2023-01-14,471.54,Yes
TXN00250,CUST0124,STORE017,Accessories,2025-05-16,467.49,Yes
TXN00251,CUST0259,STORE028,Accessories,2023-09-16,336.16,No
TXN00252,CUST0119,STORE005,Accessories,2025-07-19,270.48,Yes
TXN00253,CUST0218,STORE048,Apparel,2022-11-17,37.11,No
TXN00254,CUST0028,STORE005,Apparel,2024-05-14,177.23,Yes
TXN00255,CUST0254,STORE039,Accessories,2024-07-05,424.94,Yes
TXN00256,CUST0171,STORE048,Apparel,2023-03-07,355.34,Yes
TXN00257,CUST0111,STORE004,Footwear,2024-12-17,50.17,No
TXN00258,CUST0082,STORE044,Accessories,2023-11-16,382.5,No
TXN00259,CUST0244,STORE008,Accessories,2025-08-08,220.9,No
TXN00260,CUST0266,STORE025,Footwear,2023-10-01,453.06,Yes
TXN00261,CUST0108,STORE036,Accessories,2025-01-26,27.17,Yes
TXN00262,CUST0218,STORE005,Apparel,2025-03-24,58.51,No
TXN00263,CUST0274,STORE015,Apparel,2024-11-19,145.46,Yes
TXN00264,CUST0295,STORE044,Accessories,2024-01-02,338.66,No
TXN00265,CUST0070,STORE024,Footwear,2024-11-06,63.84,No
TXN00266,CUST0054,STORE047,Apparel,2025-04-15,316.39,No
TXN00267,CUST0020,STORE019,Footwear,2024-04-03,362.34,Yes
TXN00268,CUST0144,STORE045,Accessories,2023-04-18,237.08,No
TXN00269,CUST0047,STORE047,Accessories,2024-07-31,87.99,Yes
TXN00270,CUST0105,STORE016,Accessories,2024-07-20,457.89,Yes
TXN00271,CUST0048,STORE009,Footwear,2025-08-17,303.69,No
TXN00272,CUST0260,STORE035,Apparel,2023-06-13,386.87,Yes
TXN00273,CUST0052,STORE047,Apparel,2024-05-16,140.36,Yes
TXN00274,CUST0068,STORE030,Apparel,2022-09-30,476.77,Yes
TXN00275,CUST0188,STORE008,Apparel,2025-02-13,96.12,Yes
TXN00276,CUST0232,STORE018,Accessories,2023-12-22,244.08,Yes
TXN00277,CUST0162,STORE039,Accessories,2024-10-03,431.06,Yes
TXN00278,CUST0224,STORE047,Apparel,2024-12-08,45.48,Yes
TXN00279,CUST0196,STORE023,Apparel,2025-03-23,126.78,Yes
TXN00280,CUST0220,STORE011,Accessories,2022-10-14,465.53,No
TXN00281,CUST0038,STORE028,Footwear,2025-07-05,376.49,Yes
TXN00282,CUST0057,STORE005,Accessories,2025-01-17,311.24,No
TXN00283,CUST0053,STORE041,Apparel,2023-01-13,302.67,No
TXN00284,CUST0058,STORE006,Apparel,2022-11-12,361.05,No
TXN00285,CUST0253,STORE041,Apparel,2025-03-01,155.19,Yes
TXN00286,CUST0054,STORE033,Footwear,2024-12-01,395.78,Yes
TXN00287,CUST0275,STORE008,Footwear,2025-08-03,441.29,No
TXN00288,CUST0042,STORE049,Apparel,2023-01-06,180.53,No
TXN00289,CUST0091,STORE026,Accessories,2025-02-18,459.11,Yes
TXN00290,CUST0172,STORE006,Footwear,2024-03-22,63.41,Yes
TXN00291,CUST0054,STORE038,Footwear,2022-12-10,111.06,Yes
TXN00292,CUST0049,STORE031,Footwear,2024-04-05,227.93,Yes
TXN00293,CUST0089,STORE036,Footwear,2023-11-09,51.75,No
TXN00294,CUST0219,STORE023,Apparel,2025-03-18,406.41,No
TXN00295,CUST0196,STORE037,Accessories,2023-05-16,316.67,No
TXN00296,CUST0079,STORE044,Footwear,2024-07-30,227.47,Yes
TXN00297,CUST0195,STORE030,Accessories,2025-03-09,394.04,Yes
TXN00298,CUST0197,STORE046,Accessories,2024-04-30,275.82,Yes
TXN00299,CUST0014,STORE046,Footwear,2025-05-28,428.64,No
TXN00300,CUST0166,STORE010,Apparel,2023-05-16,347.61,No
TXN00301,CUST0023,STORE019,Accessories,2025-01-20,171.44,Yes
TXN00302,CUST0140,STORE032,Accessories,2023-10-24,471.53,No
TXN00303,CUST0059,STORE028,Accessories,2024-08-30,374.37,No
TXN00304,CUST0045,STORE036,Accessories,2025-06-07,279.42,No
TXN00305,CUST0238,STORE016,Accessories,2024-06-21,442.9,Yes
TXN00306,CUST0060,STORE036,Apparel,2024-01-11,46.91,No
TXN00307,CUST0088,STORE032,Apparel,2025-06-06,68.76,No
TXN00308,CUST0295,STORE037,Footwear,2024-03-25,286.04,Yes
TXN00309,CUST0234,STORE029,Accessories,2024-05-07,495.21,Yes
TXN00310,CUST0197,STORE033,Apparel,2023-06-27,497.9,No
TXN00311,CUST0009,STORE013,Footwear,2025-05-12,401.28,No
TXN00312,CUST0211,STORE041,Accessories,2022-10-16,37.79,No
TXN00313,CUST0075,STORE047,Apparel,2025-03-02,145.58,Yes
TXN00314,CUST0259,STORE022,Footwear,2024-06-27,93.82,Yes
TXN00315,CUST0046,STORE014,Apparel,2024-10-27,53.83,Yes
TXN00316,CUST0177,STORE025,Accessories,2024-08-31,345.69,Yes
TXN00317,CUST0162,STORE049,Accessories,2022-09-18,321.99,Yes
TXN00318,CUST0112,STORE044,Apparel,2025-08-01,293.68,No
TXN00319,CUST0191,STORE007,Accessories,2024-03-15,50.65,No
TXN00320,CUST0180,STORE012,Accessories,2025-01-22,76.01,Yes
TXN00321,CUST0166,STORE033,Accessories,2025-05-01,406.59,No
TXN00322,CUST0250,STORE027,Apparel,2024-11-20,93.81,No
TXN00323,CUST0077,STORE011,Footwear,2025-02-26,110.22,Yes
TXN00324,CUST0281,STORE027,Apparel,2025-07-04,372.64,Yes
TXN00325,CUST0258,STORE038,Footwear,2024-08-16,278.96,No
TXN00326,CUST0091,STORE013,Footwear,2023-02-25,159.48,Yes
TXN00327,CUST0299,STORE004,Footwear,2022-12-14,77.96,No
TXN00328,CUST0136,STORE045,Apparel,2023-11-14,85.93,Yes
TXN00329,CUST0183,STORE050,Accessories,2022-09-07,118.34,No
TXN00330,CUST0254,STORE006,Accessories,2022-12-16,476.2,Yes
TXN00331,CUST0058,STORE049,Accessories,2023-08-30,241.68,No
TXN00332,CUST0274,STORE029,Accessories,2024-11-29,352.21,No
TXN00333,CUST0215,STORE038,Footwear,2024-02-05,298.1,Yes
TXN00334,CUST0183,STORE019,Apparel,2023-08-13,51.78,Yes
TXN00335,CUST0228,STORE001,Footwear,2024-10-30,305.17,No
TXN00336,CUST0028,STORE027,Footwear,2023-01-16,408.73,Yes
TXN00337,CUST0064,STORE019,Apparel,2024-08-30,181.11,No
TXN00338,CUST0065,STORE033,Apparel,2023-07-13,76.45,Yes
TXN00339,CUST0164,STORE046,Accessories,2025-05-15,433.15,No
TXN00340,CUST0276,STORE039,Accessories,2023-02-02,367.35,No
TXN00341,CUST0225,STORE047,Accessories,2024-08-09,62.67,No
TXN00342,CUST0101,STORE024,Accessories,2024-06-29,450.03,No
TXN00343,CUST0092,STORE003,Footwear,2024-09-04,254.12,No
TXN00344,CUST0284,STORE025,Apparel,2023-05-23,380.99,Yes
TXN00345,CUST0290,STORE047,Apparel,2023-08-25,118.09,Yes
TXN00346,CUST0171,STORE036,Footwear,2025-05-06,320.41,Yes
TXN00347,CUST0040,STORE028,Footwear,2023-04-08,312.85,No
TXN00348,CUST0219,STORE015,Footwear,2024-08-20,208.98,Yes
TXN00349,CUST0178,STORE045,Apparel,2022-11-13,478.4,Yes
TXN00350,CUST0012,STORE037,Accessories,2025-06-26,210.2,No
TXN00351,CUST0198,STORE001,Footwear,2024-08-06,187.99,No
TXN00352,CUST0274,STORE005,Accessories,2024-03-13,292.47,Yes
TXN00353,CUST0007,STORE021,Apparel,2025-04-01,353.27,Yes
TXN00354,CUST0229,STORE023,Apparel,2025-03-21,118.26,No
TXN00355,CUST0192,STORE022,Accessories,2023-10-26,464.86,Yes
TXN00356,CUST0208,STORE046,Apparel,2024-07-01,436.98,No
TXN00357,CUST0204,STORE031,Footwear,2024-06-15,32.03,Yes
TXN00358,CUST0269,STORE027,Footwear,2024-02-17,316.9,No
TXN00359,CUST0204,STORE042,Footwear,2024-02-11,239.75,Yes
TXN00360,CUST0145,STORE014,Footwear,2022-10-19,210.62,Yes
TXN00361,CUST0294,STORE024,Footwear,2023-12-07,439.53,No
TXN00362,CUST0245,STORE002,Footwear,2025-03-18,143.54,Yes
TXN00363,CUST0288,STORE033,Accessories,2025-04-22,215.55,Yes
TXN00364,CUST0214,STORE046,Apparel,2024-10-14,288.61,Yes
TXN00365,CUST0217,STORE020,Footwear,2025-06-14,218.58,Yes
TXN00366,CUST0206,STORE008,Accessories,2023-06-07,205.15,Yes
TXN00367,CUST0089,STORE044,Footwear,2025-02-21,98.99,Yes
TXN00368,CUST0103,STORE008,Footwear,2024-01-22,481.26,No
TXN00369,CUST0041,STORE049,Footwear,2022-10-26,381.22,Yes
TXN00370,CUST0001,STORE025,Accessories,2023-09-22,198.69,Yes
TXN00371,CUST0027,STORE015,Accessories,2023-07-17,82.41,Yes
TXN00372,CUST0243,STORE024,Apparel,2024-03-22,248.06,Yes
TXN00373,CUST0259,STORE049,Footwear,2023-05-17,160.41,Yes
TXN00374,CUST0141,STORE036,Accessories,2022-09-08,84.53,No
TXN00375,CUST0196,STORE036,Apparel,2023-02-22,273.12,Yes
TXN00376,CUST0117,STORE038,Apparel,2024-03-30,350.85,Yes
TXN00377,CUST0223,STORE044,Footwear,2024-03-16,399.47,No
TXN00378,CUST0080,STORE042,Apparel,2023-02-24,160.3,Yes
TXN00379,CUST0297,STORE013,Apparel,2024-11-29,482.02,No
TXN00380,CUST0202,STORE013,Apparel,2025-04-23,121.96,Yes
TXN00381,CUST0011,STORE032,Accessories,2025-06-24,373.64,Yes
TXN00382,CUST0211,STORE044,Footwear,2025-06-05,158.31,No
TXN00383,CUST0167,STORE012,Apparel,2024-06-14,231.31,Yes
TXN00384,CUST0039,STORE029,Apparel,2023-05-15,278.6,No
TXN00385,CUST0018,STORE028,Footwear,2023-03-29,332.1,Yes
TXN00386,CUST0278,STORE031,Footwear,2022-09-13,252.33,No
TXN00387,CUST0208,STORE007,Footwear,2024-06-08,203.01,Yes
TXN00388,CUST0169,STORE011,Footwear,2023-08-30,112.05,No
TXN00389,CUST0190,STORE049,Footwear,2023-05-17,282.02,Yes
TXN00390,CUST0282,STORE030,Accessories,2025-01-02,384.91,Yes
TXN00391,CUST0262,STORE001,Footwear,2025-03-25,243.83,Yes
TXN00392,CUST0044,STORE025,Apparel,2023-09-03,41.54,Yes
TXN00393,CUST0129,STORE049,Footwear,2023-05-12,422.15,No
TXN00394,CUST0195,STORE040,Apparel,2025-07-27,439.3,Yes
TXN00395,CUST0156,STORE009,Accessories,2024-11-05,52.13,No
TXN00396,CUST0205,STORE047,Accessories,2023-03-04,243.42,No
TXN00397,CUST0099,STORE025,Footwear,2023-02-20,376.59,No
TXN00398,CUST0014,STORE035,Apparel,2025-08-10,132.6,No
TXN00399,CUST0143,STORE018,Accessories,2023-04-07,193.19,Yes
TXN00400,CUST0018,STORE021,Accessories,2024-05-26,478.94,Yes
TXN00401,CUST0017,STORE029,Footwear,2023-12-25,199.66,No
TXN00402,CUST0245,STORE025,Accessories,2025-03-24,398.67,No
TXN00403,CUST0228,STORE019,Footwear,2024-01-02,248.37,Yes
TXN00404,CUST0183,STORE047,Footwear,2025-06-27,349.84,Yes
TXN00405,CUST0270,STORE041,Accessories,2023-02-28,323.9,Yes
TXN00406,CUST0096,STORE020,Footwear,2025-01-12,112.16,Yes
TXN00407,CUST0228,STORE047,Apparel,2023-05-20,102.96,Yes
TXN00408,CUST0295,STORE042,Accessories,2024-06-25,184.84,Yes
TXN00409,CUST0121,STORE044,Apparel,2024-04-10,327.62,No
TXN00410,CUST0260,STORE024,Footwear,2024-12-11,47.68,Yes
TXN00411,CUST0190,STORE044,Footwear,2024-08-28,327.4,No
TXN00412,CUST0072,STORE019,Apparel,2024-07-06,283.61,Yes
TXN00413,CUST0273,STORE031,Apparel,2024-11-05,474.14,Yes
TXN00414,CUST0215,STORE033,Footwear,2024-04-09,262.76,No
TXN00415,CUST0193,STORE037,Apparel,2023-03-23,300.84,No
TXN00416,CUST0271,STORE028,Apparel,2022-12-21,288.57,Yes
TXN00417,CUST0290,STORE020,Apparel,2024-02-10,358.56,Yes
TXN00418,CUST0256,STORE049,Accessories,2023-04-08,477.45,Yes
TXN00419,CUST0016,STORE037,Apparel,2024-09-27,409.93,Yes
TXN00420,CUST0058,STORE024,Accessories,2025-08-04,192.4,Yes
TXN00421,CUST0284,STORE040,Accessories,2024-06-12,164.98,No
TXN00422,CUST0089,STORE011,Accessories,2022-09-14,355,No
TXN00423,CUST0297,STORE009,Apparel,2024-07-22,72.7,No
TXN00424,CUST0127,STORE018,Footwear,2022-12-30,470.06,Yes
TXN00425,CUST0192,STORE043,Apparel,2023-09-19,177.36,Yes
TXN00426,CUST0237,STORE050,Accessories,2022-11-29,334.23,No
TXN00427,CUST0217,STORE001,Accessories,2023-12-21,332.37,No
TXN00428,CUST0077,STORE044,Apparel,2023-08-30,119.36,No
TXN00429,CUST0139,STORE031,Apparel,2024-09-30,254.79,No
TXN00430,CUST0293,STORE037,Apparel,2025-03-22,178,Yes
TXN00431,CUST0003,STORE004,Apparel,2024-03-20,392.4,Yes
TXN00432,CUST0153,STORE028,Accessories,2022-09-15,477.58,No
TXN00433,CUST0266,STORE035,Apparel,2024-06-29,322.85,Yes
TXN00434,CUST0024,STORE044,Footwear,2023-10-08,479.77,No
TXN00435,CUST0299,STORE006,Footwear,2023-01-19,300.65,Yes
TXN00436,CUST0258,STORE009,Footwear,2023-06-14,266.17,No
TXN00437,CUST0240,STORE034,Accessories,2023-11-23,47.62,Yes
TXN00438,CUST0212,STORE024,Apparel,2025-04-01,210.78,No
TXN00439,CUST0145,STORE024,Apparel,2025-01-23,113.01,Yes
TXN00440,CUST0156,STORE014,Apparel,2024-06-17,159.74,Yes
TXN00441,CUST0144,STORE007,Footwear,2022-12-11,190.89,No
TXN00442,CUST0209,STORE004,Apparel,2023-08-27,423.53,No
TXN00443,CUST0002,STORE009,Accessories,2025-04-06,497.26,Yes
TXN00444,CUST0211,STORE050,Accessories,2023-05-11,80.07,Yes
TXN00445,CUST0011,STORE004,Apparel,2023-02-11,78.78,Yes
TXN00446,CUST0160,STORE040,Accessories,2025-02-23,243.35,Yes
TXN00447,CUST0177,STORE037,Footwear,2024-01-04,432.52,Yes
TXN00448,CUST0074,STORE012,Accessories,2025-02-17,238.61,Yes
TXN00449,CUST0281,STORE015,Accessories,2023-07-09,335.04,No
TXN00450,CUST0064,STORE047,Footwear,2024-01-10,457.81,No
TXN00451,CUST0020,STORE040,Accessories,2025-03-19,76.72,No
TXN00452,CUST0171,STORE036,Footwear,2024-03-21,47.79,Yes
TXN00453,CUST0052,STORE046,Accessories,2023-09-02,408.95,No
TXN00454,CUST0251,STORE036,Apparel,2023-12-12,336.04,Yes
TXN00455,CUST0221,STORE018,Footwear,2022-12-14,428.24,Yes
TXN00456,CUST0282,STORE027,Apparel,2022-12-28,449.31,Yes
TXN00457,CUST0032,STORE010,Apparel,2024-06-02,289.84,Yes
TXN00458,CUST0108,STORE007,Accessories,2023-10-21,480.74,Yes
TXN00459,CUST0096,STORE015,Footwear,2023-04-24,340.75,No
TXN00460,CUST0187,STORE002,Apparel,2024-04-23,230.57,Yes
TXN00461,CUST0083,STORE047,Accessories,2024-04-21,404.01,No
TXN00462,CUST0295,STORE024,Accessories,2025-07-15,80.5,No
TXN00463,CUST0020,STORE020,Apparel,2025-04-26,69.72,No
TXN00464,CUST0297,STORE039,Footwear,2023-02-13,356.12,No
TXN00465,CUST0004,STORE049,Footwear,2023-08-08,86.55,No
TXN00466,CUST0146,STORE008,Accessories,2022-12-04,398.13,Yes
TXN00467,CUST0111,STORE029,Accessories,2022-12-12,491.53,No
TXN00468,CUST0288,STORE013,Apparel,2024-03-14,276.24,No
TXN00469,CUST0041,STORE017,Accessories,2025-07-24,173.48,Yes
TXN00470,CUST0210,STORE002,Accessories,2023-02-17,218.27,No
TXN00471,CUST0096,STORE028,Footwear,2024-08-15,63.69,No
TXN00472,CUST0135,STORE008,Footwear,2023-03-22,378.46,Yes
TXN00473,CUST0206,STORE034,Apparel,2025-05-13,492.08,Yes
TXN00474,CUST0166,STORE019,Footwear,2024-10-16,215.79,Yes
TXN00475,CUST0087,STORE025,Footwear,2024-09-29,291.68,No
TXN00476,CUST0102,STORE023,Footwear,2025-07-30,470.38,Yes
TXN00477,CUST0235,STORE048,Footwear,2024-10-14,68.58,Yes
TXN00478,CUST0001,STORE038,Footwear,2022-10-17,67.43,Yes
TXN00479,CUST0225,STORE009,Footwear,2024-04-19,300.1,No
TXN00480,CUST0146,STORE036,Accessories,2025-07-15,305.85,No
TXN00481,CUST0011,STORE029,Accessories,2025-05-21,238.82,No
TXN00482,CUST0193,STORE035,Accessories,2025-08-14,367.61,Yes
TXN00483,CUST0007,STORE024,Footwear,2022-10-02,143.49,No
TXN00484,CUST0297,STORE026,Accessories,2024-04-16,306.53,No
TXN00485,CUST0166,STORE021,Accessories,2024-08-16,394.54,No
TXN00486,CUST0001,STORE032,Footwear,2024-01-13,251.29,No
TXN00487,CUST0016,STORE018,Footwear,2023-08-07,85.71,Yes
TXN00488,CUST0016,STORE014,Accessories,2025-01-31,333.68,No
TXN00489,CUST0153,STORE013,Footwear,2025-08-03,472,No
TXN00490,CUST0049,STORE012,Apparel,2024-03-29,486.89,No
TXN00491,CUST0237,STORE015,Apparel,2024-12-16,357.33,Yes
TXN00492,CUST0085,STORE022,Accessories,2025-07-19,239.83,No
TXN00493,CUST0115,STORE045,Footwear,2024-09-16,79.26,Yes
TXN00494,CUST0022,STORE036,Accessories,2024-08-18,372.68,Yes
TXN00495,CUST0200,STORE041,Apparel,2024-09-27,166.66,Yes
TXN00496,CUST0092,STORE005,Footwear,2023-07-13,237.47,No
TXN00497,CUST0087,STORE030,Apparel,2023-02-15,346.24,No
TXN00498,CUST0118,STORE045,Apparel,2022-10-15,459.01,Yes
TXN00499,CUST0014,STORE036,Footwear,2023-03-05,208.92,No
TXN00500,CUST0277,STORE047,Apparel,2025-08-16,471.06,No
TXN00501,CUST0250,STORE035,Accessories,2023-01-11,332.55,Yes
TXN00502,CUST0191,STORE033,Footwear,2024-09-04,198.62,No
TXN00503,CUST0183,STORE036,Footwear,2024-10-13,349.83,No
TXN00504,CUST0051,STORE003,Accessories,2023-08-22,326.35,Yes
TXN00505,CUST0291,STORE012,Apparel,2023-02-17,358.74,No
TXN00506,CUST0020,STORE002,Accessories,2023-09-15,333.27,No
TXN00507,CUST0024,STORE034,Apparel,2025-07-04,20.27,Yes
TXN00508,CUST0183,STORE040,Apparel,2025-04-20,319.97,Yes
TXN00509,CUST0003,STORE021,Apparel,2022-10-18,485.1,No
TXN00510,CUST0198,STORE050,Accessories,2024-08-09,434.55,Yes
TXN00511,CUST0120,STORE002,Apparel,2025-05-24,320.4,No
TXN00512,CUST0036,STORE019,Footwear,2023-06-24,217.13,Yes
TXN00513,CUST0039,STORE029,Accessories,2023-08-13,152.5,No
TXN00514,CUST0041,STORE018,Apparel,2024-03-10,315.31,Yes
TXN00515,CUST0031,STORE002,Footwear,2025-08-03,481.93,Yes
TXN00516,CUST0114,STORE040,Accessories,2025-06-16,199.34,Yes
TXN00517,CUST0018,STORE021,Footwear,2024-02-06,58.97,No
TXN00518,CUST0179,STORE013,Footwear,2024-10-31,211.29,No
TXN00519,CUST0127,STORE017,Apparel,2024-02-04,74.58,Yes
TXN00520,CUST0138,STORE007,Apparel,2023-02-04,309.12,Yes
TXN00521,CUST0289,STORE016,Accessories,2024-10-15,279.54,Yes
TXN00522,CUST0300,STORE010,Apparel,2025-01-01,438.18,No
TXN00523,CUST0066,STORE017,Accessories,2022-10-06,106.49,No
TXN00524,CUST0055,STORE024,Accessories,2025-05-22,92.64,No
TXN00525,CUST0083,STORE029,Footwear,2024-09-29,253.3,No
TXN00526,CUST0123,STORE003,Accessories,2024-08-21,451.82,Yes
TXN00527,CUST0019,STORE040,Footwear,2024-11-13,281.98,No
TXN00528,CUST0300,STORE036,Footwear,2024-10-29,308.51,No
TXN00529,CUST0107,STORE029,Apparel,2025-03-30,367.33,Yes
TXN00530,CUST0205,STORE046,Apparel,2024-02-27,467.59,Yes
TXN00531,CUST0089,STORE042,Footwear,2025-01-12,151.26,No
TXN00532,CUST0075,STORE031,Accessories,2023-10-26,120.36,Yes
TXN00533,CUST0293,STORE013,Footwear,2024-05-07,289.54,Yes
TXN00534,CUST0174,STORE035,Accessories,2023-11-17,109.99,Yes
TXN00535,CUST0216,STORE008,Accessories,2024-03-14,430.1,Yes
TXN00536,CUST0109,STORE021,Accessories,2024-10-15,174.54,No
TXN00537,CUST0064,STORE036,Accessories,2022-10-29,408.41,Yes
TXN00538,CUST0174,STORE050,Apparel,2025-06-06,466.25,Yes
TXN00539,CUST0046,STORE018,Footwear,2025-05-25,96.34,No
TXN00540,CUST0171,STORE027,Footwear,2025-02-15,198.34,Yes
TXN00541,CUST0218,STORE046,Apparel,2024-09-04,300.81,Yes
TXN00542,CUST0111,STORE007,Footwear,2022-08-31,59.68,Yes
TXN00543,CUST0022,STORE002,Accessories,2023-06-05,135.94,No
TXN00544,CUST0191,STORE037,Accessories,2024-06-17,26.76,Yes
TXN00545,CUST0057,STORE047,Accessories,2025-07-06,292.17,No
TXN00546,CUST0024,STORE020,Accessories,2023-06-24,205.89,Yes
TXN00547,CUST0011,STORE050,Footwear,2023-01-25,41.62,Yes
TXN00548,CUST0118,STORE045,Apparel,2023-12-29,448.17,No
TXN00549,CUST0170,STORE030,Apparel,2024-05-29,66.07,Yes
TXN00550,CUST0185,STORE045,Footwear,2024-01-31,239.27,No
TXN00551,CUST0297,STORE041,Footwear,2023-07-28,136.01,Yes
TXN00552,CUST0227,STORE015,Apparel,2022-08-31,114.26,No
TXN00553,CUST0059,STORE003,Apparel,2024-09-06,128.87,Yes
TXN00554,CUST0021,STORE007,Footwear,2024-12-22,179.55,Yes
TXN00555,CUST0292,STORE045,Accessories,2024-10-29,434.99,Yes
TXN00556,CUST0274,STORE037,Footwear,2023-01-05,248.02,No
TXN00557,CUST0117,STORE039,Apparel,2023-05-24,356.55,No
TXN00558,CUST0157,STORE025,Apparel,2023-05-29,44.81,No
TXN00559,CUST0116,STORE040,Footwear,2025-05-26,32.08,Yes
TXN00560,CUST0146,STORE045,Apparel,2022-09-16,277.32,No
TXN00561,CUST0262,STORE002,Footwear,2025-05-30,242.96,No
TXN00562,CUST0033,STORE032,Apparel,2024-12-01,343.22,No
TXN00563,CUST0120,STORE015,Apparel,2024-10-24,201.84,No
TXN00564,CUST0179,STORE030,Apparel,2023-10-12,235.9,Yes
TXN00565,CUST0047,STORE011,Accessories,2024-03-31,100.47,Yes
TXN00566,CUST0230,STORE010,Accessories,2024-08-08,92.61,No
TXN00567,CUST0028,STORE033,Apparel,2023-12-27,325.94,No
TXN00568,CUST0063,STORE022,Accessories,2024-10-25,84.54,Yes
TXN00569,CUST0081,STORE002,Accessories,2025-06-30,331.14,Yes
TXN00570,CUST0284,STORE023,Apparel,2024-10-15,466.63,Yes
TXN00571,CUST0219,STORE039,Footwear,2022-12-09,441.58,No
TXN00572,CUST0248,STORE009,Accessories,2024-11-13,107.63,No
TXN00573,CUST0041,STORE014,Footwear,2022-10-24,491.23,Yes
TXN00574,CUST0202,STORE004,Footwear,2022-10-12,321.69,No
TXN00575,CUST0259,STORE032,Apparel,2024-12-30,409.52,Yes
TXN00576,CUST0268,STORE002,Accessories,2024-11-14,121.62,Yes
TXN00577,CUST0201,STORE005,Apparel,2023-06-22,124.77,Yes
TXN00578,CUST0086,STORE016,Footwear,2023-04-16,474.97,No
TXN00579,CUST0246,STORE036,Accessories,2023-06-06,285.04,Yes
TXN00580,CUST0017,STORE030,Footwear,2023-03-24,492.89,Yes
TXN00581,CUST0288,STORE029,Footwear,2023-09-24,239.94,No
TXN00582,CUST0259,STORE023,Footwear,2022-11-28,497.86,Yes
TXN00583,CUST0240,STORE044,Apparel,2023-09-08,282.79,Yes
TXN00584,CUST0077,STORE027,Apparel,2024-06-03,252.62,Yes
TXN00585,CUST0062,STORE034,Accessories,2025-08-26,383.67,No
TXN00586,CUST0053,STORE033,Apparel,2025-08-20,35.38,Yes
TXN00587,CUST0020,STORE012,Apparel,2024-12-07,392.02,Yes
TXN00588,CUST0212,STORE009,Apparel,2024-03-13,389.4,No
TXN00589,CUST0158,STORE037,Footwear,2023-07-13,295.14,Yes
TXN00590,CUST0194,STORE046,Accessories,2024-10-23,429.14,Yes
TXN00591,CUST0278,STORE026,Apparel,2024-04-25,122.04,Yes
TXN00592,CUST0191,STORE034,Footwear,2023-07-18,125.33,No
TXN00593,CUST0110,STORE042,Accessories,2023-02-26,379.9,No
TXN00594,CUST0093,STORE043,Accessories,2024-10-09,445.01,No
TXN00595,CUST0032,STORE050,Footwear,2023-12-30,141.36,Yes
TXN00596,CUST0139,STORE013,Footwear,2024-04-07,22.81,No
TXN00597,CUST0263,STORE048,Accessories,2024-02-11,382.12,Yes
TXN00598,CUST0125,STORE025,Accessories,2025-01-16,245.65,No
TXN00599,CUST0224,STORE023,Apparel,2024-06-22,489.02,No
TXN00600,CUST0277,STORE006,Accessories,2024-03-12,417.27,Yes
TXN00601,CUST0161,STORE031,Accessories,2024-10-22,398.69,No
TXN00602,CUST0287,STORE004,Accessories,2024-07-27,419.12,Yes
TXN00603,CUST0008,STORE033,Footwear,2022-12-07,452.72,No
TXN00604,CUST0033,STORE008,Apparel,2024-05-31,279.25,Yes
TXN00605,CUST0017,STORE043,Footwear,2023-11-18,473.93,No
TXN00606,CUST0260,STORE031,Accessories,2024-06-05,209.52,Yes
TXN00607,CUST0067,STORE007,Footwear,2022-11-15,268.22,Yes
TXN00608,CUST0211,STORE004,Accessories,2024-04-03,294.53,Yes
TXN00609,CUST0140,STORE001,Footwear,2024-09-29,381.23,No
TXN00610,CUST0224,STORE020,Accessories,2024-07-30,268.41,Yes
TXN00611,CUST0257,STORE031,Footwear,2025-08-24,402.62,No
TXN00612,CUST0093,STORE044,Apparel,2024-01-01,38.8,Yes
TXN00613,CUST0236,STORE015,Apparel,2022-09-15,45.9,No
TXN00614,CUST0113,STORE004,Apparel,2025-07-17,373.56,No
TXN00615,CUST0134,STORE018,Apparel,2024-05-16,249.74,No
TXN00616,CUST0109,STORE032,Apparel,2024-06-06,338.55,Yes
TXN00617,CUST0164,STORE035,Apparel,2025-03-21,384.79,Yes
TXN00618,CUST0193,STORE028,Accessories,2024-11-09,53.91,No
TXN00619,CUST0267,STORE023,Accessories,2025-01-01,334.41,Yes
TXN00620,CUST0247,STORE020,Apparel,2023-09-21,103.71,Yes
TXN00621,CUST0170,STORE030,Accessories,2024-07-10,194.7,Yes
TXN00622,CUST0203,STORE006,Footwear,2024-07-03,438.05,Yes
TXN00623,CUST0117,STORE010,Accessories,2023-04-18,387.28,Yes
TXN00624,CUST0108,STORE044,Apparel,2024-12-10,50.18,No
TXN00625,CUST0108,STORE035,Footwear,2025-07-08,192.25,No
TXN00626,CUST0220,STORE005,Accessories,2025-01-28,424.11,No
TXN00627,CUST0220,STORE030,Accessories,2022-09-09,371.38,No
TXN00628,CUST0049,STORE020,Apparel,2022-08-29,363.93,No
TXN00629,CUST0106,STORE006,Footwear,2024-09-06,295.05,No
TXN00630,CUST0217,STORE036,Accessories,2023-02-14,310.43,No
TXN00631,CUST0031,STORE021,Apparel,2023-05-23,303.46,Yes
TXN00632,CUST0108,STORE002,Footwear,2023-05-25,244.7,No
TXN00633,CUST0229,STORE045,Apparel,2022-11-14,456.18,Yes
TXN00634,CUST0203,STORE029,Footwear,2025-02-17,79.18,Yes
TXN00635,CUST0197,STORE025,Footwear,2023-04-06,175.66,No
TXN00636,CUST0004,STORE021,Footwear,2024-02-10,329.42,Yes
TXN00637,CUST0033,STORE005,Accessories,2024-04-29,73.38,Yes
TXN00638,CUST0031,STORE026,Accessories,2024-09-12,415.29,No
TXN00639,CUST0174,STORE012,Apparel,2024-06-15,448.03,No
TXN00640,CUST0238,STORE044,Footwear,2025-01-04,217.9,No
TXN00641,CUST0161,STORE035,Accessories,2024-06-06,411.05,Yes
TXN00642,CUST0155,STORE032,Accessories,2024-12-03,91.69,No
TXN00643,CUST0114,STORE027,Accessories,2023-10-20,131.96,No
TXN00644,CUST0063,STORE047,Footwear,2025-06-05,472.62,Yes
TXN00645,CUST0091,STORE020,Footwear,2024-08-01,223.56,No
TXN00646,CUST0137,STORE021,Footwear,2023-06-21,358.58,No
TXN00647,CUST0045,STORE041,Footwear,2022-11-20,176.23,No
TXN00648,CUST0054,STORE038,Footwear,2023-05-14,400.22,Yes
TXN00649,CUST0004,STORE017,Apparel,2024-11-25,86.09,Yes
TXN00650,CUST0169,STORE032,Accessories,2022-10-26,84.91,No
TXN00651,CUST0009,STORE038,Apparel,2023-01-20,93.61,No
TXN00652,CUST0162,STORE010,Footwear,2023-02-05,90.13,No
TXN00653,CUST0167,STORE013,Footwear,2024-06-22,161.55,No
TXN00654,CUST0232,STORE040,Footwear,2025-01-25,256.57,Yes
TXN00655,CUST0196,STORE010,Accessories,2023-09-11,466.3,Yes
TXN00656,CUST0098,STORE004,Accessories,2023-11-22,145.05,No
TXN00657,CUST0023,STORE024,Accessories,2025-01-12,251.21,Yes
TXN00658,CUST0284,STORE004,Apparel,2024-02-17,173.09,No
TXN00659,CUST0105,STORE031,Apparel,2024-05-16,331.55,No
TXN00660,CUST0106,STORE003,Accessories,2023-05-02,63.45,No
TXN00661,CUST0123,STORE050,Footwear,2022-10-15,475.86,No
TXN00662,CUST0124,STORE045,Accessories,2024-11-10,314.93,Yes
TXN00663,CUST0226,STORE045,Apparel,2023-01-20,202.74,Yes
TXN00664,CUST0107,STORE043,Apparel,2024-02-09,35.07,Yes
TXN00665,CUST0035,STORE015,Accessories,2023-01-01,52.39,Yes
TXN00666,CUST0079,STORE050,Footwear,2023-02-17,191.27,Yes
TXN00667,CUST0184,STORE045,Footwear,2025-01-29,311.43,Yes
TXN00668,CUST0159,STORE034,Footwear,2023-06-18,296.17,No
TXN00669,CUST0030,STORE021,Footwear,2024-09-21,474.98,Yes
TXN00670,CUST0265,STORE006,Footwear,2025-01-29,320.88,Yes
TXN00671,CUST0072,STORE014,Footwear,2023-06-22,34.39,No
TXN00672,CUST0237,STORE048,Accessories,2023-08-07,461.93,Yes
TXN00673,CUST0137,STORE037,Accessories,2025-04-15,41.01,No
TXN00674,CUST0038,STORE023,Footwear,2022-11-30,53.87,No
TXN00675,CUST0191,STORE033,Footwear,2025-03-29,43.65,No
TXN00676,CUST0014,STORE011,Accessories,2023-09-16,291.51,No
TXN00677,CUST0279,STORE003,Footwear,2024-06-17,156.07,No
TXN00678,CUST0212,STORE038,Apparel,2023-03-05,228.13,No
TXN00679,CUST0130,STORE035,Footwear,2025-04-10,84.17,No
TXN00680,CUST0193,STORE019,Accessories,2024-07-07,420.39,No
TXN00681,CUST0248,STORE013,Apparel,2023-12-06,451.89,Yes
TXN00682,CUST0028,STORE016,Footwear,2024-02-07,219.5,Yes
TXN00683,CUST0067,STORE047,Accessories,2024-12-28,452.75,Yes
TXN00684,CUST0122,STORE001,Accessories,2024-09-11,405.26,Yes
TXN00685,CUST0024,STORE017,Accessories,2024-09-05,283.72,No
TXN00686,CUST0038,STORE013,Accessories,2023-01-08,481.65,Yes
TXN00687,CUST0020,STORE029,Accessories,2023-03-29,362.39,Yes
TXN00688,CUST0155,STORE014,Accessories,2024-08-23,24.08,Yes
TXN00689,CUST0102,STORE034,Accessories,2025-02-27,198.3,No
TXN00690,CUST0280,STORE038,Footwear,2024-08-22,35.39,No
TXN00691,CUST0059,STORE041,Apparel,2025-06-19,89.99,No
TXN00692,CUST0292,STORE018,Footwear,2024-07-28,103.69,No
TXN00693,CUST0004,STORE005,Apparel,2023-10-02,378.81,Yes
TXN00694,CUST0136,STORE040,Footwear,2024-06-11,93.35,Yes
TXN00695,CUST0043,STORE022,Apparel,2023-06-02,377.34,No
TXN00696,CUST0247,STORE030,Accessories,2024-12-20,103.33,Yes
TXN00697,CUST0009,STORE008,Apparel,2023-09-08,493.33,Yes
TXN00698,CUST0051,STORE037,Accessories,2023-08-24,479.92,Yes
TXN00699,CUST0067,STORE036,Footwear,2023-11-19,370.78,No
TXN00700,CUST0256,STORE007,Accessories,2024-12-26,56.26,Yes
TXN00701,CUST0138,STORE017,Accessories,2022-12-27,378.83,Yes
TXN00702,CUST0184,STORE041,Accessories,2024-02-03,479.21,No
TXN00703,CUST0108,STORE045,Footwear,2022-11-03,90.22,No
TXN00704,CUST0145,STORE002,Footwear,2023-10-16,480.04,Yes
TXN00705,CUST0009,STORE004,Apparel,2023-08-25,321.95,Yes
TXN00706,CUST0044,STORE042,Footwear,2024-09-19,480.87,Yes
TXN00707,CUST0025,STORE045,Apparel,2022-10-06,406.06,Yes
TXN00708,CUST0287,STORE025,Footwear,2023-06-14,484.83,Yes
TXN00709,CUST0138,STORE028,Accessories,2023-05-08,354.3,Yes
TXN00710,CUST0213,STORE031,Footwear,2025-05-31,85.72,No
TXN00711,CUST0028,STORE042,Apparel,2023-04-25,284.74,No
TXN00712,CUST0220,STORE019,Footwear,2025-01-02,222.48,No
TXN00713,CUST0164,STORE028,Footwear,2022-09-29,149.67,No
TXN00714,CUST0204,STORE008,Footwear,2023-01-27,114.35,Yes
TXN00715,CUST0045,STORE040,Footwear,2024-05-25,245.68,No
TXN00716,CUST0258,STORE024,Footwear,2025-05-16,60.91,No
TXN00717,CUST0215,STORE032,Footwear,2023-03-17,23.34,No
TXN00718,CUST0123,STORE036,Footwear,2024-06-04,113.68,Yes
TXN00719,CUST0177,STORE033,Apparel,2024-01-06,380.53,Yes
TXN00720,CUST0085,STORE023,Apparel,2024-07-25,267.72,No
TXN00721,CUST0223,STORE023,Apparel,2024-10-15,113.24,Yes
TXN00722,CUST0251,STORE042,Apparel,2022-12-20,340.64,Yes
TXN00723,CUST0295,STORE004,Footwear,2022-11-08,159.21,Yes
TXN00724,CUST0007,STORE048,Accessories,2025-02-22,360.36,Yes
TXN00725,CUST0185,STORE002,Footwear,2024-05-26,208.61,Yes
TXN00726,CUST0058,STORE049,Accessories,2022-10-11,160.59,No
TXN00727,CUST0012,STORE018,Accessories,2025-01-15,276.78,No
TXN00728,CUST0011,STORE010,Apparel,2022-11-11,330.56,Yes
TXN00729,CUST0106,STORE034,Accessories,2024-08-19,47.67,Yes
TXN00730,CUST0164,STORE029,Footwear,2024-11-15,491.39,Yes
TXN00731,CUST0221,STORE017,Apparel,2024-10-29,297.16,No
TXN00732,CUST0269,STORE018,Accessories,2024-06-11,449.7,Yes
TXN00733,CUST0001,STORE018,Footwear,2024-09-21,89.78,No
TXN00734,CUST0162,STORE021,Accessories,2024-11-21,322.96,No
TXN00735,CUST0098,STORE024,Footwear,2023-03-03,461.16,Yes
TXN00736,CUST0242,STORE045,Footwear,2025-05-22,183.69,No
TXN00737,CUST0236,STORE034,Apparel,2025-05-12,403.95,No
TXN00738,CUST0258,STORE018,Accessories,2023-03-04,496.86,Yes
TXN00739,CUST0297,STORE042,Accessories,2023-02-07,240.7,No
TXN00740,CUST0225,STORE042,Footwear,2025-05-08,485.51,No
TXN00741,CUST0145,STORE030,Footwear,2023-07-26,472.26,Yes
TXN00742,CUST0107,STORE021,Footwear,2024-03-07,481.83,Yes
TXN00743,CUST0042,STORE046,Footwear,2025-01-17,345.91,No
TXN00744,CUST0089,STORE014,Apparel,2024-12-08,22.28,No
TXN00745,CUST0164,STORE047,Footwear,2024-11-22,268.68,Yes
TXN00746,CUST0015,STORE016,Footwear,2022-11-15,483.97,Yes
TXN00747,CUST0280,STORE009,Footwear,2024-08-10,115.41,No
TXN00748,CUST0175,STORE019,Accessories,2023-07-26,288.69,Yes
TXN00749,CUST0199,STORE045,Footwear,2023-12-02,185.04,No
TXN00750,CUST0190,STORE012,Footwear,2023-09-27,427.77,Yes
TXN00751,CUST0118,STORE020,Footwear,2023-11-24,243.84,Yes
TXN00752,CUST0078,STORE037,Apparel,2023-04-30,25.29,Yes
TXN00753,CUST0045,STORE011,Footwear,2023-01-15,424.84,No
TXN00754,CUST0295,STORE008,Footwear,2025-08-26,209.78,No
TXN00755,CUST0184,STORE009,Apparel,2024-09-07,193.44,No
TXN00756,CUST0202,STORE024,Footwear,2022-09-19,98.64,Yes
TXN00757,CUST0284,STORE003,Apparel,2022-11-19,98.54,Yes
TXN00758,CUST0232,STORE030,Accessories,2024-10-01,499.32,Yes
TXN00759,CUST0135,STORE041,Accessories,2023-09-29,76.38,No
TXN00760,CUST0001,STORE016,Footwear,2025-02-15,166.37,No
TXN00761,CUST0034,STORE008,Accessories,2025-06-15,462.76,Yes
TXN00762,CUST0269,STORE043,Accessories,2022-11-02,290.55,Yes
TXN00763,CUST0209,STORE008,Apparel,2023-05-30,204.95,Yes
TXN00764,CUST0186,STORE048,Footwear,2025-05-17,267.94,Yes
TXN00765,CUST0185,STORE011,Accessories,2023-09-26,368,No
TXN00766,CUST0271,STORE041,Apparel,2023-02-25,327.31,No
TXN00767,CUST0107,STORE011,Accessories,2024-08-27,480.58,No
TXN00768,CUST0114,STORE004,Accessories,2024-12-29,489.1,Yes
TXN00769,CUST0033,STORE039,Apparel,2023-04-15,291.2,Yes
TXN00770,CUST0064,STORE008,Apparel,2024-05-22,24.15,Yes
TXN00771,CUST0122,STORE050,Accessories,2023-06-10,99.68,No
TXN00772,CUST0061,STORE021,Footwear,2023-10-25,476.88,Yes
TXN00773,CUST0255,STORE037,Accessories,2022-11-13,495.62,No
TXN00774,CUST0179,STORE037,Apparel,2024-02-07,148.18,Yes
TXN00775,CUST0085,STORE005,Accessories,2024-02-11,476.35,No
TXN00776,CUST0052,STORE025,Accessories,2023-07-25,234.29,No
TXN00777,CUST0229,STORE037,Footwear,2025-05-01,285.11,Yes
TXN00778,CUST0277,STORE029,Apparel,2023-12-12,159.96,No
TXN00779,CUST0205,STORE043,Footwear,2023-10-06,175.48,No
TXN00780,CUST0066,STORE032,Footwear,2023-10-01,399.78,No
TXN00781,CUST0215,STORE021,Footwear,2025-07-24,70.15,No
TXN00782,CUST0251,STORE049,Apparel,2023-02-06,146.75,Yes
TXN00783,CUST0096,STORE022,Footwear,2023-04-07,486.67,Yes
TXN00784,CUST0156,STORE033,Accessories,2025-02-22,290.83,Yes
TXN00785,CUST0022,STORE015,Accessories,2023-09-05,479.11,Yes
TXN00786,CUST0005,STORE003,Footwear,2025-03-06,204.6,Yes
TXN00787,CUST0068,STORE012,Footwear,2024-02-05,31.43,No
TXN00788,CUST0202,STORE032,Accessories,2023-07-31,493.24,No
TXN00789,CUST0115,STORE037,Apparel,2025-05-12,191.44,No
TXN00790,CUST0166,STORE018,Accessories,2025-07-04,31.79,Yes
TXN00791,CUST0263,STORE026,Apparel,2024-09-02,38.61,Yes
TXN00792,CUST0245,STORE027,Footwear,2025-01-29,494.85,Yes
TXN00793,CUST0107,STORE035,Apparel,2023-09-22,110.82,Yes
TXN00794,CUST0044,STORE029,Footwear,2025-07-10,417.96,Yes
TXN00795,CUST0155,STORE026,Apparel,2023-04-10,196,No
TXN00796,CUST0075,STORE016,Accessories,2025-01-23,425.12,No
TXN00797,CUST0027,STORE004,Apparel,2022-09-24,172.5,Yes
TXN00798,CUST0118,STORE043,Footwear,2024-11-09,264.35,No
TXN00799,CUST0296,STORE010,Accessories,2025-03-31,448.38,Yes
TXN00800,CUST0086,STORE031,Apparel,2023-04-29,477.8,Yes
TXN00801,CUST0202,STORE033,Apparel,2023-03-07,437.95,No
TXN00802,CUST0205,STORE007,Apparel,2022-12-10,433.54,Yes
TXN00803,CUST0065,STORE050,Apparel,2022-12-15,177.74,No
TXN00804,CUST0178,STORE014,Accessories,2024-04-11,391.84,Yes
TXN00805,CUST0035,STORE028,Apparel,2023-03-08,313.5,No
TXN00806,CUST0023,STORE047,Apparel,2022-09-16,246.01,No
TXN00807,CUST0031,STORE022,Footwear,2024-01-26,43.52,No
TXN00808,CUST0149,STORE035,Footwear,2024-03-22,469.86,No
TXN00809,CUST0164,STORE045,Accessories,2024-05-12,356.37,No
TXN00810,CUST0258,STORE018,Apparel,2025-01-25,227.55,Yes
TXN00811,CUST0098,STORE041,Footwear,2024-12-18,230.36,Yes
TXN00812,CUST0184,STORE022,Accessories,2023-07-05,255.04,No
TXN00813,CUST0283,STORE024,Accessories,2022-11-03,66.64,No
TXN00814,CUST0152,STORE034,Accessories,2025-07-25,465.58,Yes
TXN00815,CUST0260,STORE009,Accessories,2024-06-09,179.59,Yes
TXN00816,CUST0087,STORE043,Apparel,2025-02-28,185.07,Yes
TXN00817,CUST0204,STORE009,Footwear,2023-03-18,475.41,No
TXN00818,CUST0149,STORE040,Accessories,2022-10-31,445.48,No
TXN00819,CUST0240,STORE012,Apparel,2023-07-04,487.65,Yes
TXN00820,CUST0260,STORE034,Apparel,2025-08-25,454.02,No
TXN00821,CUST0005,STORE016,Footwear,2023-09-17,400.04,No
TXN00822,CUST0217,STORE005,Accessories,2024-07-06,164.36,Yes
TXN00823,CUST0112,STORE003,Apparel,2024-11-11,381.7,Yes
TXN00824,CUST0075,STORE027,Footwear,2023-12-22,463.1,Yes
TXN00825,CUST0189,STORE020,Accessories,2025-06-09,146.21,Yes
TXN00826,CUST0143,STORE050,Apparel,2022-10-21,167.25,No
TXN00827,CUST0200,STORE019,Footwear,2023-04-30,132.98,No
TXN00828,CUST0169,STORE025,Footwear,2025-06-04,74.97,Yes
TXN00829,CUST0200,STORE041,Accessories,2025-06-28,114.87,No
TXN00830,CUST0042,STORE043,Apparel,2024-06-29,227.44,No
TXN00831,CUST0044,STORE002,Accessories,2023-02-07,167.99,No
TXN00832,CUST0108,STORE050,Footwear,2025-02-15,380.15,No
TXN00833,CUST0214,STORE023,Accessories,2025-07-10,267.5,Yes
TXN00834,CUST0298,STORE045,Accessories,2025-01-04,195.34,Yes
TXN00835,CUST0008,STORE003,Accessories,2024-01-18,195.51,Yes
TXN00836,CUST0129,STORE038,Footwear,2022-10-08,61.66,No
TXN00837,CUST0075,STORE019,Apparel,2022-12-12,313.34,Yes
TXN00838,CUST0062,STORE019,Accessories,2023-01-08,151.02,Yes
TXN00839,CUST0237,STORE024,Apparel,2024-05-01,310.56,No
TXN00840,CUST0091,STORE032,Apparel,2024-01-28,57.88,Yes
TXN00841,CUST0067,STORE043,Accessories,2025-05-12,108.29,No
TXN00842,CUST0098,STORE009,Apparel,2023-04-28,299.89,Yes
TXN00843,CUST0037,STORE012,Apparel,2025-06-16,456.11,No
TXN00844,CUST0130,STORE002,Apparel,2023-07-28,40.23,No
TXN00845,CUST0143,STORE013,Accessories,2022-12-14,135.92,Yes
TXN00846,CUST0016,STORE006,Footwear,2023-06-27,56.94,Yes
TXN00847,CUST0001,STORE044,Footwear,2025-04-06,101.96,No
TXN00848,CUST0185,STORE008,Footwear,2023-08-19,83.65,Yes
TXN00849,CUST0280,STORE031,Apparel,2022-12-19,454.79,No
TXN00850,CUST0148,STORE038,Accessories,2022-11-15,409.73,No
TXN00851,CUST0053,STORE018,Footwear,2024-10-03,499.75,No
TXN00852,CUST0051,STORE002,Apparel,2024-04-28,148.46,Yes
TXN00853,CUST0056,STORE019,Footwear,2023-05-05,235.38,No
TXN00854,CUST0025,STORE009,Apparel,2024-12-07,223,Yes
TXN00855,CUST0161,STORE021,Footwear,2023-04-06,336.89,No
TXN00856,CUST0233,STORE048,Accessories,2022-11-27,24.93,Yes
TXN00857,CUST0122,STORE050,Footwear,2025-02-28,111.11,No
TXN00858,CUST0073,STORE023,Apparel,2025-02-13,346.73,Yes
TXN00859,CUST0061,STORE012,Apparel,2022-12-01,170.81,No
TXN00860,CUST0256,STORE026,Apparel,2023-02-20,185.49,No
TXN00861,CUST0298,STORE050,Footwear,2023-03-12,440.11,No
TXN00862,CUST0156,STORE048,Accessories,2025-05-25,84.12,Yes
TXN00863,CUST0105,STORE001,Footwear,2025-07-14,450.9,No
TXN00864,CUST0243,STORE045,Footwear,2025-08-12,333.01,Yes
TXN00865,CUST0022,STORE002,Apparel,2023-01-02,298.52,Yes
TXN00866,CUST0206,STORE015,Accessories,2024-11-25,170.99,No
TXN00867,CUST0239,STORE020,Footwear,2025-01-09,321.71,Yes
TXN00868,CUST0098,STORE010,Accessories,2023-05-03,337.73,Yes
TXN00869,CUST0039,STORE044,Apparel,2023-04-20,24.67,Yes
TXN00870,CUST0082,STORE027,Apparel,2025-04-05,304.92,Yes
TXN00871,CUST0127,STORE024,Accessories,2023-10-04,211.23,Yes
TXN00872,CUST0005,STORE022,Footwear,2023-02-12,275.13,No
TXN00873,CUST0200,STORE046,Apparel,2025-06-04,84.83,Yes
TXN00874,CUST0108,STORE034,Footwear,2023-11-13,448.48,No
TXN00875,CUST0072,STORE013,Accessories,2022-11-08,103.37,Yes
TXN00876,CUST0214,STORE038,Footwear,2024-03-07,187.01,No
TXN00877,CUST0219,STORE045,Apparel,2023-08-05,455.82,No
TXN00878,CUST0234,STORE043,Accessories,2024-11-03,405.81,No
TXN00879,CUST0027,STORE031,Apparel,2025-01-15,413.74,Yes
TXN00880,CUST0221,STORE042,Footwear,2023-03-09,206.83,No
TXN00881,CUST0272,STORE029,Footwear,2025-08-02,343.66,No
TXN00882,CUST0153,STORE017,Apparel,2025-04-09,57.53,No
TXN00883,CUST0105,STORE017,Apparel,2024-01-30,149.9,No
TXN00884,CUST0011,STORE040,Accessories,2025-07-22,423.72,Yes
TXN00885,CUST0243,STORE007,Apparel,2023-01-21,493.63,Yes
TXN00886,CUST0210,STORE008,Apparel,2024-05-24,327.48,No
TXN00887,CUST0206,STORE036,Accessories,2023-10-04,316.07,Yes
TXN00888,CUST0266,STORE026,Apparel,2025-05-26,83.29,No
TXN00889,CUST0037,STORE013,Apparel,2024-10-31,347.74,Yes
TXN00890,CUST0069,STORE018,Apparel,2024-07-31,121.4,Yes
TXN00891,CUST0017,STORE038,Apparel,2022-08-28,419.71,No
TXN00892,CUST0005,STORE019,Apparel,2023-09-18,375.38,No
TXN00893,CUST0246,STORE016,Apparel,2024-06-29,462.58,Yes
TXN00894,CUST0092,STORE004,Apparel,2024-10-06,44.45,Yes
TXN00895,CUST0116,STORE048,Accessories,2024-04-27,448.5,No
TXN00896,CUST0210,STORE038,Accessories,2023-09-22,342.31,Yes
TXN00897,CUST0009,STORE013,Footwear,2023-05-15,370.7,No
TXN00898,CUST0086,STORE014,Apparel,2023-04-22,297.96,Yes
TXN00899,CUST0125,STORE047,Apparel,2022-12-26,86.82,No
TXN00900,CUST0136,STORE009,Accessories,2023-06-16,164.09,Yes
TXN00901,CUST0137,STORE034,Apparel,2025-06-08,487.84,No
TXN00902,CUST0002,STORE009,Apparel,2023-12-23,428.2,No
TXN00903,CUST0217,STORE030,Footwear,2022-10-20,156.34,Yes
TXN00904,CUST0187,STORE003,Accessories,2025-01-11,464.21,Yes
TXN00905,CUST0120,STORE036,Footwear,2025-03-14,128.73,No
TXN00906,CUST0022,STORE029,Footwear,2024-08-21,254.56,No
TXN00907,CUST0109,STORE007,Accessories,2024-01-25,60.99,No
TXN00908,CUST0037,STORE035,Apparel,2023-04-20,394.81,Yes
TXN00909,CUST0154,STORE003,Apparel,2024-12-14,199.83,Yes
TXN00910,CUST0125,STORE046,Apparel,2025-04-04,301.05,No
TXN00911,CUST0166,STORE014,Accessories,2024-08-27,321,No
TXN00912,CUST0225,STORE007,Footwear,2023-06-18,261.98,Yes
TXN00913,CUST0019,STORE023,Accessories,2025-07-31,138.05,No
TXN00914,CUST0226,STORE039,Apparel,2023-01-11,381.04,Yes
TXN00915,CUST0294,STORE014,Apparel,2025-07-13,210.38,Yes
TXN00916,CUST0296,STORE038,Apparel,2025-08-16,302.59,No
TXN00917,CUST0229,STORE028,Accessories,2023-02-20,331.92,No
TXN00918,CUST0084,STORE015,Footwear,2023-09-13,149.64,Yes
TXN00919,CUST0228,STORE023,Apparel,2024-02-13,132.38,No
TXN00920,CUST0007,STORE042,Apparel,2022-09-16,312.78,Yes
TXN00921,CUST0047,STORE026,Footwear,2023-05-31,173.29,Yes
TXN00922,CUST0235,STORE036,Apparel,2023-03-05,273.76,No
TXN00923,CUST0271,STORE018,Apparel,2023-11-16,317.26,No
TXN00924,CUST0104,STORE039,Apparel,2024-03-25,370.88,No
TXN00925,CUST0017,STORE042,Footwear,2024-11-03,220.53,No
TXN00926,CUST0189,STORE009,Accessories,2024-10-11,82.8,Yes
TXN00927,CUST0156,STORE008,Apparel,2024-02-26,88.25,No
TXN00928,CUST0260,STORE035,Footwear,2025-04-22,362.94,No
TXN00929,CUST0011,STORE011,Apparel,2025-04-23,232.6,Yes
TXN00930,CUST0034,STORE028,Apparel,2023-08-29,211.17,No
TXN00931,CUST0090,STORE014,Accessories,2024-12-05,162.62,No
TXN00932,CUST0172,STORE046,Apparel,2022-09-12,143.14,No
TXN00933,CUST0026,STORE006,Accessories,2023-08-08,283.29,No
TXN00934,CUST0154,STORE005,Footwear,2023-04-09,123.88,Yes
TXN00935,CUST0207,STORE048,Accessories,2023-10-09,272.9,Yes
TXN00936,CUST0079,STORE032,Apparel,2024-11-11,366.96,No
TXN00937,CUST0114,STORE031,Accessories,2024-10-15,423.63,No
TXN00938,CUST0262,STORE025,Apparel,2025-06-08,431.21,Yes
TXN00939,CUST0273,STORE025,Apparel,2023-11-03,467.74,No
TXN00940,CUST0238,STORE032,Apparel,2023-12-30,71.66,No
TXN00941,CUST0255,STORE047,Accessories,2025-04-16,211.21,Yes
TXN00942,CUST0088,STORE007,Apparel,2023-09-29,308.15,No
TXN00943,CUST0133,STORE041,Apparel,2025-04-18,86.98,Yes
TXN00944,CUST0223,STORE013,Footwear,2025-05-14,256.43,Yes
TXN00945,CUST0275,STORE035,Accessories,2025-03-31,337.69,No
TXN00946,CUST0221,STORE050,Apparel,2022-12-06,96.94,No
TXN00947,CUST0284,STORE014,Apparel,2022-12-25,428.98,No
TXN00948,CUST0295,STORE039,Footwear,2025-05-08,474.57,Yes
TXN00949,CUST0263,STORE002,Apparel,2023-03-17,496.8,Yes
TXN00950,CUST0271,STORE028,Apparel,2024-10-12,323.49,Yes
TXN00951,CUST0136,STORE048,Accessories,2025-04-09,453.09,Yes
TXN00952,CUST0101,STORE029,Apparel,2023-01-18,195.2,Yes
TXN00953,CUST0204,STORE045,Footwear,2023-05-31,100.8,No
TXN00954,CUST0274,STORE005,Accessories,2025-03-08,108.03,No
TXN00955,CUST0049,STORE046,Apparel,2024-11-04,467.4,No
TXN00956,CUST0198,STORE045,Footwear,2023-05-29,133.19,Yes
TXN00957,CUST0286,STORE045,Footwear,2025-03-27,479.83,Yes
TXN00958,CUST0264,STORE035,Footwear,2023-09-19,292.82,No
TXN00959,CUST0297,STORE012,Accessories,2023-07-01,456.64,No
TXN00960,CUST0217,STORE018,Footwear,2023-12-24,430.06,Yes
TXN00961,CUST0122,STORE001,Accessories,2023-01-02,393.78,Yes
TXN00962,CUST0141,STORE002,Footwear,2024-11-09,66.95,Yes
TXN00963,CUST0291,STORE007,Accessories,2023-02-24,446.98,No
TXN00964,CUST0154,STORE039,Footwear,2024-01-09,252.05,Yes
TXN00965,CUST0185,STORE037,Accessories,2025-08-08,362.27,Yes
TXN00966,CUST0133,STORE015,Apparel,2023-09-23,438.37,Yes
TXN00967,CUST0017,STORE038,Apparel,2025-04-25,261.4,Yes
TXN00968,CUST0188,STORE037,Footwear,2024-09-07,37.26,Yes
TXN00969,CUST0134,STORE038,Apparel,2024-07-13,174.99,No
TXN00970,CUST0271,STORE035,Accessories,2023-12-24,357.74,No
TXN00971,CUST0045,STORE010,Footwear,2024-12-13,246.31,Yes
TXN00972,CUST0034,STORE006,Footwear,2023-05-26,158.22,Yes
TXN00973,CUST0089,STORE008,Footwear,2024-10-23,384.48,No
TXN00974,CUST0033,STORE044,Apparel,2023-11-05,480.06,No
TXN00975,CUST0091,STORE018,Footwear,2024-08-29,129.61,No
TXN00976,CUST0170,STORE008,Footwear,2025-05-20,132.01,Yes
TXN00977,CUST0218,STORE034,Accessories,2023-01-02,22.81,Yes
TXN00978,CUST0012,STORE021,Accessories,2025-07-10,232.97,No
TXN00979,CUST0280,STORE045,Apparel,2024-09-10,317.28,Yes
TXN00980,CUST0128,STORE041,Footwear,2023-11-14,39.36,No
TXN00981,CUST0018,STORE026,Apparel,2024-04-08,375.41,No
TXN00982,CUST0025,STORE019,Accessories,2023-07-25,232.26,Yes
TXN00983,CUST0017,STORE027,Apparel,2023-01-06,362.41,Yes
TXN00984,CUST0172,STORE028,Footwear,2025-02-15,149.29,No
TXN00985,CUST0066,STORE043,Apparel,2024-04-26,153.54,Yes
TXN00986,CUST0039,STORE002,Accessories,2025-06-07,232.88,No
TXN00987,CUST0227,STORE028,Apparel,2024-01-14,234.31,No
TXN00988,CUST0053,STORE003,Apparel,2025-02-23,238.86,Yes
TXN00989,CUST0234,STORE002,Footwear,2024-01-17,92.25,No
TXN00990,CUST0203,STORE001,Accessories,2024-01-27,476.4,No
TXN00991,CUST0024,STORE029,Apparel,2025-07-27,332.08,No
TXN00992,CUST0130,STORE013,Accessories,2024-06-16,408.9,No
TXN00993,CUST0217,STORE050,Accessories,2023-08-25,136.45,Yes
TXN00994,CUST0194,STORE019,Footwear,2024-03-06,356.65,No
TXN00995,CUST0098,STORE022,Accessories,2024-11-28,55.1,No
TXN00996,CUST0089,STORE012,Apparel,2023-01-13,193.02,No
TXN00997,CUST0219,STORE023,Footwear,2024-01-20,107.83,No
TXN00998,CUST0265,STORE015,Accessories,2022-12-31,296.72,Yes
TXN00999,CUST0228,STORE021,Footwear,2025-06-05,354.26,Yes
TXN01000,CUST0283,STORE034,Footwear,2025-04-20,201.82,Yes